as_of,record_type,region,sort_order,key,label,market,target,window,method,family,period,week_label,cutoff_day,value,value_label,prior_period,signal,interpretation,status,rank,months,mae,rmse,pearson,forecast,actual,error,note,
2026-09-01,meta,,1,generatedAt,,,,,,,,,,2026-09-01,,,,,,,,,,,,,,,
2026-09-01,meta,,3,nextUpdate,,,,,,,,,,2026-09-07,,,,,,,,,,,,,,,
2026-09-01,monthly_prediction,us,1,,US,,,,,,Sep-26,,,53.22,53.22,Aug-26,"+0.00 vs Aug-26, based on the latest ConsumerSim run.",The latest information environment points to firmer household sentiment.,,,,,,,,,,,
2026-09-01,monthly_prediction,eu,2,,EU27,,,,,,Sep-26,,,-12.99,-12.99,Aug-26,"+0.00 vs Aug-26, based on the latest ConsumerSim run.",The latest information environment points to firmer household sentiment.,,,,,,,,,,,
2026-09-01,monthly_prediction,jp,3,,Japan,,,,,,Sep-26,,,36.34,36.34,Aug-26,"+0.00 vs Aug-26, based on the latest ConsumerSim run.",The latest information environment points to firmer household sentiment.,,,,,,,,,,,
2026-09-01,weekly_prediction,us,1,,US,,,,,,Sep-26,Jul W1,7,,,,Stable signal,Weekly nowcast through 2026-07-07 from the ConsumerSim pipeline.,,,,,,,52.49,51.02,53.47,,
2026-09-01,weekly_prediction,us,2,,US,,,,,,Sep-26,Jul W2,14,,,,Improving signal,Weekly nowcast through 2026-07-14 from the ConsumerSim pipeline.,,,,,,,52.55,51.08,53.53,,
2026-09-01,weekly_prediction,us,3,,US,,,,,,Sep-26,Jul W3,21,,,,Improving signal,Weekly nowcast through 2026-07-21 from the ConsumerSim pipeline.,,,,,,,52.61,51.14,53.59,,
2026-09-01,weekly_prediction,us,4,,US,,,,,,Sep-26,Jul W4,28,,,,Improving signal,Weekly nowcast through 2026-07-28 from the ConsumerSim pipeline.,,,,,,,52.67,51.20,53.65,,
2026-09-01,weekly_prediction,us,5,,US,,,,,,Sep-26,Aug W1,4,,,,Improving signal,Weekly nowcast through 2026-08-04 from the ConsumerSim pipeline.,,,,,,,52.73,51.26,53.71,,
2026-09-01,weekly_prediction,us,6,,US,,,,,,Sep-26,Aug W2,11,,,,Improving signal,Weekly nowcast through 2026-08-11 from the ConsumerSim pipeline.,,,,,,,52.79,51.32,53.77,,
2026-09-01,weekly_prediction,us,7,,US,,,,,,Sep-26,Aug W3,18,,,,Improving signal,Weekly nowcast through 2026-08-18 from the ConsumerSim pipeline.,,,,,,,52.84,51.37,53.82,,
2026-09-01,weekly_prediction,us,8,,US,,,,,,Sep-26,Aug W4,25,,,,Improving signal,Weekly nowcast through 2026-08-25 from the ConsumerSim pipeline.,,,,,,,52.90,51.43,53.88,,
2026-09-01,weekly_prediction,us,9,,US,,,,,,Sep-26,Sep W1,1,,,,Improving signal,Weekly nowcast through 2026-09-01 from the ConsumerSim pipeline.,,,,,,,53.22,51.76,54.19,,
2026-09-01,weekly_prediction,eu,1,,EU27,,,,,,Sep-26,Jul W1,7,,,,Stable signal,Weekly nowcast through 2026-07-07 from the ConsumerSim pipeline.,,,,,,,-13.19,-14.52,-12.30,,
2026-09-01,weekly_prediction,eu,2,,EU27,,,,,,Sep-26,Jul W2,14,,,,Stable signal,Weekly nowcast through 2026-07-14 from the ConsumerSim pipeline.,,,,,,,-13.19,-14.52,-12.30,,
2026-09-01,weekly_prediction,eu,3,,EU27,,,,,,Sep-26,Jul W3,21,,,,Stable signal,Weekly nowcast through 2026-07-21 from the ConsumerSim pipeline.,,,,,,,-13.19,-14.52,-12.30,,
2026-09-01,weekly_prediction,eu,4,,EU27,,,,,,Sep-26,Jul W4,28,,,,Softening signal,Weekly nowcast through 2026-07-28 from the ConsumerSim pipeline.,,,,,,,-13.25,-14.52,-12.40,,
2026-09-01,weekly_prediction,eu,5,,EU27,,,,,,Sep-26,Aug W1,4,,,,Stable signal,Weekly nowcast through 2026-08-04 from the ConsumerSim pipeline.,,,,,,,-13.25,-14.52,-12.40,,
2026-09-01,weekly_prediction,eu,6,,EU27,,,,,,Sep-26,Aug W2,11,,,,Stable signal,Weekly nowcast through 2026-08-11 from the ConsumerSim pipeline.,,,,,,,-13.24,-14.51,-12.39,,
2026-09-01,weekly_prediction,eu,7,,EU27,,,,,,Sep-26,Aug W3,18,,,,Stable signal,Weekly nowcast through 2026-08-18 from the ConsumerSim pipeline.,,,,,,,-13.24,-14.51,-12.39,,
2026-09-01,weekly_prediction,eu,8,,EU27,,,,,,Sep-26,Aug W4,25,,,,Stable signal,Weekly nowcast through 2026-08-25 from the ConsumerSim pipeline.,,,,,,,-13.28,-14.45,-12.50,,
2026-09-01,weekly_prediction,eu,9,,EU27,,,,,,Sep-26,Sep W1,1,,,,Improving signal,Weekly nowcast through 2026-09-01 from the ConsumerSim pipeline.,,,,,,,-12.99,-14.43,-12.03,,
2026-09-01,weekly_prediction,jp,1,,Japan,,,,,,Sep-26,Jul W1,7,,,,Stable signal,Weekly nowcast through 2026-07-07 from the ConsumerSim pipeline.,,,,,,,35.88,34.95,36.50,,
2026-09-01,weekly_prediction,jp,2,,Japan,,,,,,Sep-26,Jul W2,14,,,,Stable signal,Weekly nowcast through 2026-07-14 from the ConsumerSim pipeline.,,,,,,,35.89,34.96,36.51,,
2026-09-01,weekly_prediction,jp,3,,Japan,,,,,,Sep-26,Jul W3,21,,,,Stable signal,Weekly nowcast through 2026-07-21 from the ConsumerSim pipeline.,,,,,,,35.90,34.97,36.52,,
2026-09-01,weekly_prediction,jp,4,,Japan,,,,,,Sep-26,Jul W4,28,,,,Stable signal,Weekly nowcast through 2026-07-28 from the ConsumerSim pipeline.,,,,,,,35.91,34.98,36.53,,
2026-09-01,weekly_prediction,jp,5,,Japan,,,,,,Sep-26,Aug W1,4,,,,Stable signal,Weekly nowcast through 2026-08-04 from the ConsumerSim pipeline.,,,,,,,35.92,34.99,36.54,,
2026-09-01,weekly_prediction,jp,6,,Japan,,,,,,Sep-26,Aug W2,11,,,,Softening signal,Weekly nowcast through 2026-08-11 from the ConsumerSim pipeline.,,,,,,,35.58,34.55,36.27,,
2026-09-01,weekly_prediction,jp,7,,Japan,,,,,,Sep-26,Aug W3,18,,,,Stable signal,Weekly nowcast through 2026-08-18 from the ConsumerSim pipeline.,,,,,,,35.60,34.57,36.29,,
2026-09-01,weekly_prediction,jp,8,,Japan,,,,,,Sep-26,Aug W4,25,,,,Improving signal,Weekly nowcast through 2026-08-25 from the ConsumerSim pipeline.,,,,,,,35.81,34.70,36.55,,
2026-09-01,weekly_prediction,jp,9,,Japan,,,,,,Sep-26,Sep W1,1,,,,Improving signal,Weekly nowcast through 2026-09-01 from the ConsumerSim pipeline.,,,,,,,36.34,35.80,36.70,,
2026-09-01,forecast_news,us,1,weekly,"US consumer sentiment falls 6 per cent in August as inflation, economic outlook weigh on households: University of Michigan",bignewsnetwork.com,,,,,Sep-26,Aug W5,,,,,Inflation,Fetched 2026-08-29 for US; headline signal is negative (-0.50) with relevance 1.20.,,,,,,,,,,https://news.google.com/rss/articles/CBMi-wFBVV95cUxPY0IxdDNOWHAzcGszWXBaS2VSaks3N1dWY083cGk0NXlYMzNpQU9Db202QXdFR2czQ0laLTFLdmFFTnVEZTNWTk9tTWhfX2JtbXk1ZEQ0SUJZaGFpUWl5dk16ZW9USk5qZ1Q1c1F4VkVPeU5nNm1VMzVjT1hxUnVnRzNXMjJXMWtuOHZGNDZGcnlwUVRESy1oa0g3d0g4Qko4U1d4a1A0emhxbU9nWmtxT3ItLXZSYnJjbmRQZS1GQ0JvN3hNNGc2ZkMtWC1QbmRjZ0hJUXl4OWVBc29yRER3cXNGQlVUb2Z1WkZESmc2UXRaT1hlUGJrcW16dw?oc=5,
2026-09-01,forecast_news,us,2,weekly,U.S. consumer sentiment sinks 11 pct year-on-year,english.news.cn,,,,,Sep-26,Aug W5,,,,,Confidence,Fetched 2026-08-29 for US; headline signal is neutral (+0.00) with relevance 0.96.,,,,,,,,,,https://news.google.com/rss/articles/CBMifEFVX3lxTE41OUZxT1RRZEhqVktNdTRDalFEdHBqa21sbDJuSXI1U1RjM3NIVFRVTFFhMHNJQS10X0NBdTNxSVBSMzFWcGpEMFNjLV9nalJiT0k2ZUlMSkZyTGdvdzd3TFhKNVhyRmZabmUtSFYxU2dpNzRGS0l1Vnc5WHo?oc=5,
2026-09-01,forecast_news,us,3,weekly,"U.S. consumer sentiment drops, year-ahead inflation views fall",Canadian Mortgage Trends,,,,,Sep-26,Aug W4,,,,,Inflation,Fetched 2026-08-28 for US; headline signal is negative (-0.67) with relevance 1.08.,,,,,,,,,,https://news.google.com/rss/articles/CBMirAFBVV95cUxOQ0ZQRkhWRGFudVZlT3FYcHFFSWFJaHVTdlZBSmxyTFplTUNnb3NQQUdiMW9lS2JiUXNJX3plX1Znd2hOcHNMa3dOMFFhY1VtX0JyT0dENHlaWFRjWldaNTNFQmItMDRJUVg1YzcybTRfOHE2SkhhZm8tN0dFdjN0Sl9scWl3YXlHU1dmS0QzXzZtdWVmaEw4QmNWTUZweTdGQ1F6WWpwNkRTYWRn?oc=5,
2026-09-01,forecast_news,us,4,monthly,"U.S. consumer sentiment drops, year-ahead inflation views fall",Canadian Mortgage Trends,,,,,Sep-26,Aug-26,,,,,Inflation,Fetched 2026-08-28 for US; headline signal is negative (-0.67) with relevance 1.08.,,,,,,,,,,https://news.google.com/rss/articles/CBMirAFBVV95cUxOQ0ZQRkhWRGFudVZlT3FYcHFFSWFJaHVTdlZBSmxyTFplTUNnb3NQQUdiMW9lS2JiUXNJX3plX1Znd2hOcHNMa3dOMFFhY1VtX0JyT0dENHlaWFRjWldaNTNFQmItMDRJUVg1YzcybTRfOHE2SkhhZm8tN0dFdjN0Sl9scWl3YXlHU1dmS0QzXzZtdWVmaEw4QmNWTUZweTdGQ1F6WWpwNkRTYWRn?oc=5,
2026-09-01,forecast_news,us,5,monthly,US consumer sentiment drops in August on inflation worries,economictimes.com,,,,,Sep-26,Aug-26,,,,,Inflation,Fetched 2026-08-28 for US; headline signal is negative (-0.67) with relevance 1.08.,,,,,,,,,,https://news.google.com/rss/articles/CBMi3gFBVV95cUxQRzk5dnZ5cnZPai12a25GMVgxYUhyRktvNkpxR1VYanpwNE02dWJnQU8ya1h2R1dBdmhQb21PUHFQWTZzTGlLYXY5X0pQX28xLTlESnBuSGNNLUYtZzNfMkJGSlFzOWg0T05raVpwYmRBZ0VrWWVQRGFVSk9fMVJBT1E2cm9TMV9hNjRveV9uWVRtRi1zYUwwbnJ4b25TcUNXQWt6Qk00aGNwNjNjUmZ2ZF90TWNULW12NVdhMnFiRXZEZDJTZmE4eDUtdzRCMWJHUFNjLWJXdENDeGJiRnfSAeMBQVVfeXFMTWh6SWR6YkZ4MTdoOGJVOVBmUFktdDRHN1RIb0Vwdk42X2Nya0NnTVVFY0g1QkRXME10X01RRmRvMEZLQm01WEtuUFFCMER6cllZQlYyVExsWVNFMUpvakVibDViM2l5QXhNa0EwR3loNi11S19tRlhWODU1NGZGay1QSFUwbVYyZmlxU0lLc1pHRmZOQmlqaXlHZmZzSGZxUjlFTEJ3MzJpcXFSNnZObEd1eXBjZWpFVUI4dTJsY096TmhBV2dMZ0hyWG1YbVNmUjhJS1BaYUtGcm1FeXpDc1hLWnM?oc=5,
2026-09-01,forecast_news,us,6,monthly,"US consumer sentiment falls 6 per cent in August as inflation, economic outlook weigh on households: University of Michigan",bignewsnetwork.com,,,,,Sep-26,Aug-26,,,,,Inflation,Fetched 2026-08-29 for US; headline signal is negative (-0.50) with relevance 1.20.,,,,,,,,,,https://news.google.com/rss/articles/CBMi-wFBVV95cUxPY0IxdDNOWHAzcGszWXBaS2VSaks3N1dWY083cGk0NXlYMzNpQU9Db202QXdFR2czQ0laLTFLdmFFTnVEZTNWTk9tTWhfX2JtbXk1ZEQ0SUJZaGFpUWl5dk16ZW9USk5qZ1Q1c1F4VkVPeU5nNm1VMzVjT1hxUnVnRzNXMjJXMWtuOHZGNDZGcnlwUVRESy1oa0g3d0g4Qko4U1d4a1A0emhxbU9nWmtxT3ItLXZSYnJjbmRQZS1GQ0JvN3hNNGc2ZkMtWC1QbmRjZ0hJUXl4OWVBc29yRER3cXNGQlVUb2Z1WkZESmc2UXRaT1hlUGJrcW16dw?oc=5,
2026-09-01,forecast_news,eu,1,weekly,Euro area consumer confidence improves in August: The Conference Board,fibre2fashion.com,,,,,Sep-26,Sep W1,,,,,Confidence,Fetched 2026-09-01 for EU27; headline signal is positive (+0.50) with relevance 1.08.,,,,,,,,,,https://news.google.com/rss/articles/CBMi2AFBVV95cUxQeWFlaU16MWdjRFdnNS1zZVNpNmRKbEhCbUs0bU5WeXloa2QtTW05RGU3ajhpQnN0N2FiMm1iRkFkV1JMVFRNUWJ2WjQzRmZpMU16cHAxdXprOTFNNUNxckxfWlVsTWNhVGpXZDZyb0EteVNmYmJRWGgtbHVoZ3Z4aXZ0NTZ1SUhldEd2c081aktXWE9TSndXbUFhc2F6bkx4ckd2Z1B6VlpUdmk1TnZJZnpyS3RzdGlPX0RrQ2JlNjVZQ1NqcVF4YW9NRU1ubUFjZXZSZ2Fvelo?oc=5,
2026-09-01,forecast_news,eu,2,weekly,Europe Economy 2026: Rising Energy Prices Put ECB Rate Cuts and Growth Outlook at Risk,kalkine.ca,,,,,Sep-26,Aug W5,,,,,Inflation,Fetched 2026-08-31 for EU27; headline signal is neutral (+0.00) with relevance 0.96.,,,,,,,,,,https://news.google.com/rss/articles/CBMiuAFBVV95cUxOcldiMVlfZ3RYWHloT01ib2FDcTEyUE5rYTZtYXpQRnNqLXFVNERUQ01Ra3R2UUM4ZlMtbHFRQ3BHVlFENW1oY0VUVGRwSURpeUdreWJVSHNheGdUWXlucW11Q1NSbXVZdGVfQnVTalJycFh4SjJ1VWFQbTg5NUNNY2tUbVoxczEwMnNqRXNEYWt5RkphNVpCVmtwY0hrMUwzelN5Q3ZRM1VDTnZqb1ltUkgyZmlLeTU0?oc=5,
2026-09-01,forecast_news,eu,3,weekly,"Euro Area Consumer Confidence Continues to Improve in August, While Expectations of Higher Inflation Rose",The Conference Board,,,,,Sep-26,Aug W4,,,,,Inflation,Fetched 2026-08-28 for EU27; headline signal is neutral (+0.00) with relevance 1.20.,,,,,,,,,,https://news.google.com/rss/articles/CBMixgFBVV95cUxPY1Z2cDMwQ2RTVjJPMXZVT3VDanJkdzdraVhreFAxc245Zk01WnVqSTUyWE1nQ1dkdkVVSGdIajhKbEtiXzNKdklsWWdMNVVzRDQwTy1lWFpPVzRVV0JVTkRjMWhmb1lObjczQm5aMFo0d1FWN01DbzVmNU1STmgyQjlDY3lhLTd5T1lnTG1RdS1BVU91VEw1SEZlWVh6UWdES2dueHlpcjg5Yk5ITk9GTVRoYmt1cWtZMTlFYW4ybUhHT0dPNFE?oc=5,
2026-09-01,forecast_news,eu,4,monthly,Eurozone consumer inflation expectations ease in July,fibre2fashion.com,,,,,Sep-26,Aug-26,,,,,Inflation,Fetched 2026-08-24 for EU27; headline signal is negative (-0.50) with relevance 1.20.,,,,,,,,,,https://news.google.com/rss/articles/CBMi1wFBVV95cUxOeG4xU2trLVctLXFTaFM1N3dHVWV4YVJFbmtzQXV0SC1hc3lLQ0RjZWx4TG11Tll1dGRjelhBa1d1WlpXUmRQYU0xb1UtWDBwVWNlUG9hczM1cWxyVGx3azd5cldBdHVaelpkSDhjUE9MSnB4R1RaX2M4TEMwaUU2VGJBRnhIOTVSMDlFbUo1VEV6ek03RHI1RUlQdUpyQ0RFc0NvLTJsQ2xZdnZ0eUxtelQxbW16eENCVmtkT1QwNHN2M1hUcTBRc0dhWEpoS09nc0VuM05aYw?oc=5,
2026-09-01,forecast_news,eu,5,monthly,Euro area consumer confidence improves in August: The Conference Board,fibre2fashion.com,,,,,Sep-26,Sep-26,,,,,Confidence,Fetched 2026-09-01 for EU27; headline signal is positive (+0.50) with relevance 1.08.,,,,,,,,,,https://news.google.com/rss/articles/CBMi2AFBVV95cUxQeWFlaU16MWdjRFdnNS1zZVNpNmRKbEhCbUs0bU5WeXloa2QtTW05RGU3ajhpQnN0N2FiMm1iRkFkV1JMVFRNUWJ2WjQzRmZpMU16cHAxdXprOTFNNUNxckxfWlVsTWNhVGpXZDZyb0EteVNmYmJRWGgtbHVoZ3Z4aXZ0NTZ1SUhldEd2c081aktXWE9TSndXbUFhc2F6bkx4ckd2Z1B6VlpUdmk1TnZJZnpyS3RzdGlPX0RrQ2JlNjVZQ1NqcVF4YW9NRU1ubUFjZXZSZ2Fvelo?oc=5,
2026-09-01,forecast_news,eu,6,monthly,"ECB’s Kocher: Europe’s Economy Shows Momentum, But Price Stability at Risk",CryptoRank,,,,,Sep-26,Aug-26,,,,,Inflation,Fetched 2026-08-28 for EU27; headline signal is negative (-0.50) with relevance 0.96.,,,,,,,,,,https://news.google.com/rss/articles/CBMikgFBVV95cUxOLWlqaHctc2hrYTNFQUlwd0NhbTJjbU5ycElZSVc0WjBHNndISlRVTlVuaUpBaERqMXpyME13ZzRBU283bjlrMlY4LW5kSnFmQ0NlY2R2VGdmUjNfRDBjQ2MtanJkSG5IS2ktTnljYkJyN0trTWtSYWVGNlhmYjFaYlBDd0Y2b1pnTFRSNFM2T1NkQQ?oc=5,
2026-09-01,forecast_news,jp,1,weekly,"Japan's August Consumer Confidence Index rises to 35.5, fourth straight month of improvement, but inflation expectations plunge",finance.biggo.com,,,,,Sep-26,Sep W1,,,,,Inflation,Fetched 2026-09-01 for Japan; headline signal is neutral (+0.00) with relevance 1.08.,,,,,,,,,,https://news.google.com/rss/articles/CBMidkFVX3lxTE0tRUQ2V25nX2t0ZkRQSnJwZEExS0xmWGZRZ3FfNkE5aGtMQXhuRm93eDhkT2gxSERZWVU3N3dSZVVHWW9YU0dwVU1SRTBIVm9hWkpWenk1U3h0SVdiMkpMY3JqWXZqUk9VM3VQM0xxNXNRTndYX2c?oc=5,
2026-09-01,forecast_news,jp,2,weekly,Japan Retail Sales Decline Eases in July as Consumer Spending Remains Under Pressure,CryptoRank,,,,,Sep-26,Aug W5,,,,,Risk,Fetched 2026-08-31 for Japan; headline signal is negative (-0.25) with relevance 0.84.,,,,,,,,,,https://news.google.com/rss/articles/CBMigAFBVV95cUxNZC1pZFphd1c2SkpoblpaNVVCV1ozeUFsNjY4eGtCbUR3RmZPQWZqQnB2bk1PbXpuUF8yc3plb0NqcWFjWVR0UVFtUUl3YjM1a2tPblpaX2lRTzA5SXdRdGs5Mi1xMFY3MlJGaUhTS2ZoYVptQXdVczhFb3o2czM2UA?oc=5,
2026-09-01,forecast_news,jp,3,weekly,Japan Retail Sales Rebound 2.4% in July After Sharp June Drop,CryptoRank,,,,,Sep-26,Aug W5,,,,,News,Fetched 2026-08-31 for Japan; headline signal is neutral (+0.00) with relevance 0.72.,,,,,,,,,,https://news.google.com/rss/articles/CBMieEFVX3lxTE5sUndlQ2xxcmFJUElnM2daeW80ZEl1clVXcVZ2Tkw2S1FuU0pxY0R6UmwtTWNsY0g3Mkk2NlBSTWhMUkhraDdSSTBSSU03UmcySG5JR3FxS0RTYnlkMDNsZ2xDTVBnZVl4YnNvRjY2TTVsOUt0OTh2ag?oc=5,
2026-09-01,forecast_news,jp,4,monthly,"Bank of Japan’s Himino: Policy to Balance Economic Data, Inflation Risks",CryptoRank,,,,,Sep-26,Aug-26,,,,,Inflation,Fetched 2026-08-27 for Japan; headline signal is negative (-0.75) with relevance 0.84.,,,,,,,,,,https://news.google.com/rss/articles/CBMijwFBVV95cUxONGtrSEdJSlZtMVFhXzF1QjBsMWlFZVFZLXlUVUtXdU9kRm1zRk9PM0tSaG1JYnpuVWl0YmF4dVNPcy1pWGdaVjlRaWt1N1FRYm0yelh0QXEyZnJLOTZXNUFGZW1ZMTVyVndPMmpoSnRTMGlNUTZYczY2alhVSWc5NG1RcjhMU2QyQmJsaVEyYw?oc=5,
2026-09-01,forecast_news,jp,5,monthly,Japan’s households continue to cut spending amid persistent inflation,The Japan Times,,,,,Sep-26,Aug-26,,,,,Inflation,Fetched 2026-08-07 for Japan; headline signal is negative (-0.50) with relevance 0.96.,,,,,,,,,,https://news.google.com/rss/articles/CBMilgFBVV95cUxNbXAtNEl6TnpCSlZaWjNDX0sxS0YwZTVJdjZFeUJDTlJWaERickZxQ3puMHByNndpdEc2amR4N2VPWE40dXluVDM0a3dHUHkyb3NEVEFnZ0R0VDJXMVV2YVRLaEpJT2ZYaDA5MG56YUlVZWpXUUx5bnpsVWZ3Q0F5dDQtTE1wWUxuaVFvdThwU1pGaGtkQlE?oc=5,
2026-09-01,forecast_news,jp,6,monthly,Low inflation may not be enough to prevent further tightening of monetary policy in Japan,Deloitte,,,,,Sep-26,Aug-26,,,,,Inflation,Fetched 2026-08-13 for Japan; headline signal is negative (-0.50) with relevance 0.84.,,,,,,,,,,https://news.google.com/rss/articles/CBMimwFBVV95cUxNMVhrajlySXBWeW1JRVl1T3N1cVFDRUxYZjNzLTVmdXppNGw4cXg2MDhYcEk5NG9fN1lYRjNISDRVNUtVcllzRi1Tc0ZzaHptV1l3TVBHWUtJTzN3eDM2d1dLWWpPU0dBZUpoczJBOVJ0akZ3MWVBc1BVR3RlSHlReXlaeWRwa1gtUlE4REg2SV82UTIyNFplN3BTbw?oc=5,
2026-09-01,region_summary,us,1,,US,North America,University of Michigan Index of Consumer Sentiment,2020-01 to 2026-06,ConsumerSim respondent simulation,simulation,Sep-26,,,53.22,,,Updated by GitHub Actions from the ConsumerSim pipeline.,The latest information environment points to firmer household sentiment.,forecast,1,75,3.936,4.879,0.932,53.22,,,,
2026-09-01,region_summary,eu,2,,EU27,Europe,Eurostat consumer confidence indicator,2020-01 to 2026-06,ConsumerSim EU adapted macro + market smoothing,simulation,Sep-26,,,-12.99,,,Updated by GitHub Actions from the ConsumerSim pipeline.,The latest information environment points to firmer household sentiment.,forecast,1,75,1.607,2.737,0.882,-12.99,,,,
2026-09-01,region_summary,jp,3,,Japan,Asia,Cabinet Office / ESRI Consumer Confidence Index,2020-01 to 2026-06,ConsumerSim JP adapted macro + market smoothing,simulation,Sep-26,,,36.34,,,Updated by GitHub Actions from the ConsumerSim pipeline.,The latest information environment points to firmer household sentiment.,forecast,1,75,1.35,2.088,0.813,36.34,,,,
2026-09-01,leaderboard,us,1,,ConsumerSim respondent simulation,,,,,ConsumerSim respondent simulation,simulation,,,,,,,,,1,75,3.936,4.879,0.932,,,,,
2026-09-01,leaderboard,us,2,,Autoregressive Ridge (3 lags),,,,,Autoregressive Ridge (3 lags),time_series,,,,,,,,,2,75,4.333,5.689,0.879,,,,,
2026-09-01,leaderboard,us,3,,Expectations Regression,,,,,Expectations Regression,econometric,,,,,,,,,3,75,4.539,6.048,0.894,,,,,
2026-09-01,leaderboard,us,4,,News Semantic FAAR Proxy,,,,,News Semantic FAAR Proxy,text_augmented_regression,,,,,,,,,4,75,4.542,6.155,0.87,,,,,
2026-09-01,leaderboard,us,5,,3-Month Rolling Mean,,,,,3-Month Rolling Mean,time_series,,,,,,,,,5,75,4.876,6.455,0.837,,,,,
2026-09-01,leaderboard,us,6,,SARIMAX Macro (small grid),,,,,SARIMAX Macro (small grid),econometric,,,,,,,,,6,75,5.466,8.47,0.806,,,,,
2026-09-01,leaderboard,us,7,,Theta Model,,,,,Theta Model,time_series,,,,,,,,,7,75,5.709,7.683,0.774,,,,,
2026-09-01,leaderboard,us,8,,ETS Damped Trend,,,,,ETS Damped Trend,time_series,,,,,,,,,8,75,5.724,7.72,0.774,,,,,
2026-09-01,leaderboard,us,9,,Auto ARIMA (small grid),,,,,Auto ARIMA (small grid),time_series,,,,,,,,,9,75,6.328,8.661,0.739,,,,,
2026-09-01,leaderboard,us,10,,Prophet Macro Regressors,,,,,Prophet Macro Regressors,decomposable_additive,,,,,,,,,10,75,6.556,8.324,0.825,,,,,
2026-09-01,leaderboard,us,11,,Prophet Univariate,,,,,Prophet Univariate,decomposable_additive,,,,,,,,,11,75,7.118,8.914,0.678,,,,,
2026-09-01,leaderboard,us,12,,Macro + Market + News Ridge,,,,,Macro + Market + News Ridge,augmented_regression,,,,,,,,,12,75,7.317,16.369,0.558,,,,,
2026-09-01,leaderboard,us,13,,Macro Stable Ridge,,,,,Macro Stable Ridge,macro_regression,,,,,,,,,13,75,7.502,17.121,0.478,,,,,
2026-09-01,leaderboard,eu,1,,ConsumerSim EU adapted,,,,,ConsumerSim EU adapted,simulation,,,,,,,,,1,75,1.607,2.737,0.882,,,,,
2026-09-01,leaderboard,eu,2,,Theta Model,,,,,Theta Model,time_series,,,,,,,,,2,75,1.681,2.848,0.87,,,,,
2026-09-01,leaderboard,eu,3,,ETS Damped Trend,,,,,ETS Damped Trend,time_series,,,,,,,,,3,75,1.833,3.471,0.83,,,,,
2026-09-01,leaderboard,eu,4,,Autoregressive Ridge (3 lags),,,,,Autoregressive Ridge (3 lags),time_series,,,,,,,,,4,75,2.152,4.205,0.749,,,,,
2026-09-01,leaderboard,eu,5,,3-Month Rolling Mean,,,,,3-Month Rolling Mean,time_series,,,,,,,,,5,75,2.216,3.422,0.804,,,,,
2026-09-01,leaderboard,eu,6,,Auto ARIMA (small grid),,,,,Auto ARIMA (small grid),time_series,,,,,,,,,6,75,2.373,4.173,0.767,,,,,
2026-09-01,leaderboard,eu,7,,EU Macro Stable Ridge,,,,,EU Macro Stable Ridge,macro_regression,,,,,,,,,7,75,2.49,4.082,0.834,,,,,
2026-09-01,leaderboard,eu,8,,EU Macro + Market Ridge,,,,,EU Macro + Market Ridge,augmented_regression,,,,,,,,,8,75,2.511,3.81,0.836,,,,,
2026-09-01,leaderboard,jp,1,,ConsumerSim JP adapted,,,,,ConsumerSim JP adapted,simulation,,,,,,,,,1,75,1.35,2.088,0.813,,,,,
2026-09-01,leaderboard,jp,2,,Theta Model,,,,,Theta Model,time_series,,,,,,,,,2,75,1.374,2.063,0.818,,,,,
2026-09-01,leaderboard,jp,3,,Autoregressive Ridge (3 lags),,,,,Autoregressive Ridge (3 lags),time_series,,,,,,,,,3,75,1.393,2.295,0.794,,,,,
2026-09-01,leaderboard,jp,4,,ETS Damped Trend,,,,,ETS Damped Trend,time_series,,,,,,,,,4,75,1.492,2.438,0.798,,,,,
2026-09-01,leaderboard,jp,5,,News Semantic FAAR Proxy,,,,,News Semantic FAAR Proxy,text_augmented_regression,,,,,,,,,5,75,1.55,2.374,0.753,,,,,
2026-09-01,leaderboard,jp,6,,Auto ARIMA (small grid),,,,,Auto ARIMA (small grid),time_series,,,,,,,,,6,75,1.642,2.576,0.778,,,,,
2026-09-01,leaderboard,jp,7,,Expectations Regression,,,,,Expectations Regression,econometric,,,,,,,,,7,75,1.643,2.774,0.76,,,,,
2026-09-01,leaderboard,jp,8,,3-Month Rolling Mean,,,,,3-Month Rolling Mean,time_series,,,,,,,,,8,75,1.816,2.722,0.652,,,,,
2026-09-01,leaderboard,jp,9,,Japan Macro + Market Ridge,,,,,Japan Macro + Market Ridge,augmented_regression,,,,,,,,,9,75,1.951,2.841,0.783,,,,,
2026-09-01,leaderboard,jp,10,,Japan Macro Stable Ridge,,,,,Japan Macro Stable Ridge,macro_regression,,,,,,,,,10,75,1.959,2.997,0.771,,,,,
2026-09-01,series,us,1,,,,,,,,,Jul-25,,,,,,,,,,,,,,62.12,61.7,,
2026-09-01,series,us,2,,,,,,,,,Aug-25,,,,,,,,,,,,,,63.01,58.2,,
2026-09-01,series,us,3,,,,,,,,,Sep-25,,,,,,,,,,,,,,59.61,55.1,,
2026-09-01,series,us,4,,,,,,,,,Oct-25,,,,,,,,,,,,,,56.3,53.6,,
2026-09-01,series,us,5,,,,,,,,,Nov-25,,,,,,,,,,,,,,55.32,54,,
2026-09-01,series,us,6,,,,,,,,,Dec-25,,,,,,,,,,,,,,55.91,54.9,,
2026-09-01,series,us,7,,,,,,,,,Jan-26,,,,,,,,,,,,,,57.26,56.4,,
2026-09-01,series,us,8,,,,,,,,,Feb-26,,,,,,,,,,,,,,58.65,57.6,,
2026-09-01,series,us,9,,,,,,,,,Mar-26,,,,,,,,,,,,,,57.47,56.4,,
2026-09-01,series,us,10,,,,,,,,,Apr-26,,,,,,,,,,,,,,53,53.2,,
2026-09-01,series,us,11,,,,,,,,,May-26,,,,,,,,,,,,,,52.2,52.5,,
2026-09-01,series,us,12,,,,,,,,Sep-26,Jun-26,,,,,,,,,,,,,53.22,,53.9,,
2026-09-01,series,eu,1,,,,,,,,,Jul-25,,,,,,,,,,,,,,-13.42,-13.2,,
2026-09-01,series,eu,2,,,,,,,,,Aug-25,,,,,,,,,,,,,,-13.23,-13.4,,
2026-09-01,series,eu,3,,,,,,,,,Sep-25,,,,,,,,,,,,,,-13.39,-13.5,,
2026-09-01,series,eu,4,,,,,,,,,Oct-25,,,,,,,,,,,,,,-12.96,-12.5,,
2026-09-01,series,eu,5,,,,,,,,,Nov-25,,,,,,,,,,,,,,-12.11,-12.3,,
2026-09-01,series,eu,6,,,,,,,,,Dec-25,,,,,,,,,,,,,,-12.4,-12.6,,
2026-09-01,series,eu,7,,,,,,,,,Jan-26,,,,,,,,,,,,,,-12.54,-12.8,,
2026-09-01,series,eu,8,,,,,,,,,Feb-26,,,,,,,,,,,,,,-11.81,-11.9,,
2026-09-01,series,eu,9,,,,,,,,,Mar-26,,,,,,,,,,,,,,-11.97,-12.4,,
2026-09-01,series,eu,10,,,,,,,,,Apr-26,,,,,,,,,,,,,,-13.6,-13.9,,
2026-09-01,series,eu,11,,,,,,,,,May-26,,,,,,,,,,,,,,-13.2,-13.0 ,,
2026-09-01,series,eu,12,,,,,,,,Sep-26,Jun-26,,,,,,,,,,,,,-12.99,,-12.5,,
2026-09-01,series,jp,1,,,,,,,,,Jul-25,,,,,,,,,,,,,,34.76,34,,
2026-09-01,series,jp,2,,,,,,,,,Aug-25,,,,,,,,,,,,,,34.07,34.9,,
2026-09-01,series,jp,3,,,,,,,,,Sep-25,,,,,,,,,,,,,,34.89,35.4,,
2026-09-01,series,jp,4,,,,,,,,,Oct-25,,,,,,,,,,,,,,35.31,35.9,,
2026-09-01,series,jp,5,,,,,,,,,Nov-25,,,,,,,,,,,,,,35.9,37.2,,
2026-09-01,series,jp,6,,,,,,,,,Dec-25,,,,,,,,,,,,,,37.22,36.9,,
2026-09-01,series,jp,7,,,,,,,,,Jan-26,,,,,,,,,,,,,,37,37.4,,
2026-09-01,series,jp,8,,,,,,,,,Feb-26,,,,,,,,,,,,,,37.69,37.7,,
2026-09-01,series,jp,9,,,,,,,,,Mar-26,,,,,,,,,,,,,,39.65,39.3,,
2026-09-01,series,jp,10,,,,,,,,,Apr-26,,,,,,,,,,,,,,35.1,36.0 ,,
2026-09-01,series,jp,11,,,,,,,,,May-26,,,,,,,,,,,,,,35.4,36.2,,
2026-09-01,series,jp,12,,,,,,,,Sep-26,Jun-26,,,,,,,,,,,,,36.34,,36.8,,
2026-09-01,agent_profile,us,1,ca-lena,Lena M.,California,Renter | tech support | urban West,Synthetic respondent profile,College graduate,$96k household income,CA,"San Jose, CA",34,55.8,55.8,Two-adult household,Cautiously optimistic,Stable employment and lower fuel pressure support a firmer near-term confidence response.,Employed full time,,6,,,,91.0,207.0,,Synthetic profile | Hispanic female | no children,
2026-09-01,agent_monthly_prediction,us,1,ca-lena,Lena M.,California,,,,,Jan-26,,,54.1,54.1,,Monthly simulated response,,,,,,,,54.1,,,,
2026-09-01,agent_monthly_prediction,us,2,ca-lena,Lena M.,California,,,,,Feb-26,,,54.8,54.8,,Monthly simulated response,,,,,,,,54.8,,,,
2026-09-01,agent_monthly_prediction,us,3,ca-lena,Lena M.,California,,,,,Mar-26,,,54.2,54.2,,Monthly simulated response,,,,,,,,54.2,,,,
2026-09-01,agent_monthly_prediction,us,4,ca-lena,Lena M.,California,,,,,Apr-26,,,52.7,52.7,,Monthly simulated response,,,,,,,,52.7,,,,
2026-09-01,agent_monthly_prediction,us,5,ca-lena,Lena M.,California,,,,,May-26,,,53.6,53.6,,Monthly simulated response,,,,,,,,53.6,,,,
2026-09-01,agent_monthly_prediction,us,6,ca-lena,Lena M.,California,,,,,Jun-26,,,55.8,55.8,,Cautiously optimistic,,,,,,,,55.8,,,,
2026-09-01,agent_profile,us,2,tx-marcus,Marcus R.,Texas,Homeowner | logistics manager | Sun Belt,Synthetic respondent profile,Some college,$88k household income,TX,"Houston, TX",42,54.6,54.6,Married household with children,Moderate rebound,"Job security offsets price sensitivity, creating a gradual rebound into June.",Employed full time,,6,,,,337.0,281.0,,Synthetic profile | Black male | two children,
2026-09-01,agent_monthly_prediction,us,1,tx-marcus,Marcus R.,Texas,,,,,Jan-26,,,53,53.0,,Monthly simulated response,,,,,,,,53,,,,
2026-09-01,agent_monthly_prediction,us,2,tx-marcus,Marcus R.,Texas,,,,,Feb-26,,,53.8,53.8,,Monthly simulated response,,,,,,,,53.8,,,,
2026-09-01,agent_monthly_prediction,us,3,tx-marcus,Marcus R.,Texas,,,,,Mar-26,,,53.4,53.4,,Monthly simulated response,,,,,,,,53.4,,,,
2026-09-01,agent_monthly_prediction,us,4,tx-marcus,Marcus R.,Texas,,,,,Apr-26,,,51.9,51.9,,Monthly simulated response,,,,,,,,51.9,,,,
2026-09-01,agent_monthly_prediction,us,5,tx-marcus,Marcus R.,Texas,,,,,May-26,,,52.8,52.8,,Monthly simulated response,,,,,,,,52.8,,,,
2026-09-01,agent_monthly_prediction,us,6,tx-marcus,Marcus R.,Texas,,,,,Jun-26,,,54.6,54.6,,Moderate rebound,,,,,,,,54.6,,,,
2026-09-01,agent_profile,us,3,fl-elaine,Elaine P.,Florida,Retired | fixed income | Southeast,Synthetic respondent profile,High school graduate,$52k household income,FL,"Tampa, FL",68,50.9,50.9,Retired couple,Still cost-sensitive,Fixed-income spending keeps the forecast below the national headline despite slight improvement.,Retired,,6,,,,532.0,304.0,,Synthetic profile | White female | retired,
2026-09-01,agent_monthly_prediction,us,1,fl-elaine,Elaine P.,Florida,,,,,Jan-26,,,51.6,51.6,,Monthly simulated response,,,,,,,,51.6,,,,
2026-09-01,agent_monthly_prediction,us,2,fl-elaine,Elaine P.,Florida,,,,,Feb-26,,,52.2,52.2,,Monthly simulated response,,,,,,,,52.2,,,,
2026-09-01,agent_monthly_prediction,us,3,fl-elaine,Elaine P.,Florida,,,,,Mar-26,,,51.4,51.4,,Monthly simulated response,,,,,,,,51.4,,,,
2026-09-01,agent_monthly_prediction,us,4,fl-elaine,Elaine P.,Florida,,,,,Apr-26,,,49.8,49.8,,Monthly simulated response,,,,,,,,49.8,,,,
2026-09-01,agent_monthly_prediction,us,5,fl-elaine,Elaine P.,Florida,,,,,May-26,,,49.9,49.9,,Monthly simulated response,,,,,,,,49.9,,,,
2026-09-01,agent_monthly_prediction,us,6,fl-elaine,Elaine P.,Florida,,,,,Jun-26,,,50.9,50.9,,Still cost-sensitive,,,,,,,,50.9,,,,
2026-09-01,agent_profile,us,4,ny-daniel,Daniel K.,New York,Renter | retail supervisor | Northeast,Synthetic respondent profile,Associate degree,$64k household income,NY,"Queens, NY",29,53.4,53.4,Shared rental household,Rent pressure caps gains,"Income expectations improve, but rent and grocery pressure keep confidence restrained.",Employed full time,,6,,,,610.0,146.0,,Synthetic profile | Asian male | no children,
2026-09-01,agent_monthly_prediction,us,1,ny-daniel,Daniel K.,New York,,,,,Jan-26,,,52.2,52.2,,Monthly simulated response,,,,,,,,52.2,,,,
2026-09-01,agent_monthly_prediction,us,2,ny-daniel,Daniel K.,New York,,,,,Feb-26,,,53,53.0,,Monthly simulated response,,,,,,,,53,,,,
2026-09-01,agent_monthly_prediction,us,3,ny-daniel,Daniel K.,New York,,,,,Mar-26,,,52.8,52.8,,Monthly simulated response,,,,,,,,52.8,,,,
2026-09-01,agent_monthly_prediction,us,4,ny-daniel,Daniel K.,New York,,,,,Apr-26,,,50.7,50.7,,Monthly simulated response,,,,,,,,50.7,,,,
2026-09-01,agent_monthly_prediction,us,5,ny-daniel,Daniel K.,New York,,,,,May-26,,,51.6,51.6,,Monthly simulated response,,,,,,,,51.6,,,,
2026-09-01,agent_monthly_prediction,us,6,ny-daniel,Daniel K.,New York,,,,,Jun-26,,,53.4,53.4,,Rent pressure caps gains,,,,,,,,53.4,,,,
2026-09-01,agent_profile,us,5,mi-ruth,Ruth H.,Michigan,Homeowner | auto manufacturing | Midwest,Synthetic respondent profile,Vocational certificate,$79k household income,MI,"Detroit, MI",51,52.7,52.7,Single-earner household,Labor outlook steadies,Manufacturing income stability improves expectations after a softer spring.,Employed full time,,6,,,,508.0,136.0,,Synthetic profile | White female | one dependent,
2026-09-01,agent_monthly_prediction,us,1,mi-ruth,Ruth H.,Michigan,,,,,Jan-26,,,51.9,51.9,,Monthly simulated response,,,,,,,,51.9,,,,
2026-09-01,agent_monthly_prediction,us,2,mi-ruth,Ruth H.,Michigan,,,,,Feb-26,,,52.5,52.5,,Monthly simulated response,,,,,,,,52.5,,,,
2026-09-01,agent_monthly_prediction,us,3,mi-ruth,Ruth H.,Michigan,,,,,Mar-26,,,52.1,52.1,,Monthly simulated response,,,,,,,,52.1,,,,
2026-09-01,agent_monthly_prediction,us,4,mi-ruth,Ruth H.,Michigan,,,,,Apr-26,,,50.2,50.2,,Monthly simulated response,,,,,,,,50.2,,,,
2026-09-01,agent_monthly_prediction,us,5,mi-ruth,Ruth H.,Michigan,,,,,May-26,,,51,51.0,,Monthly simulated response,,,,,,,,51,,,,
2026-09-01,agent_monthly_prediction,us,6,mi-ruth,Ruth H.,Michigan,,,,,Jun-26,,,52.7,52.7,,Labor outlook steadies,,,,,,,,52.7,,,,
2026-09-01,agent_profile,us,6,az-sofia,Sofia A.,Arizona,Renter | hospitality worker | Mountain West,Synthetic respondent profile,Some college,$58k household income,AZ,"Phoenix, AZ",37,51.8,51.8,Single parent household,Uneven improvement,Part-time hours and childcare costs keep the forecast cautious even as sentiment firms.,Employed part time,,6,,,,183.0,250.0,,Synthetic profile | Latina female | one child,
2026-09-01,agent_monthly_prediction,us,1,az-sofia,Sofia A.,Arizona,,,,,Jan-26,,,50.5,50.5,,Monthly simulated response,,,,,,,,50.5,,,,
2026-09-01,agent_monthly_prediction,us,2,az-sofia,Sofia A.,Arizona,,,,,Feb-26,,,51.3,51.3,,Monthly simulated response,,,,,,,,51.3,,,,
2026-09-01,agent_monthly_prediction,us,3,az-sofia,Sofia A.,Arizona,,,,,Mar-26,,,50.9,50.9,,Monthly simulated response,,,,,,,,50.9,,,,
2026-09-01,agent_monthly_prediction,us,4,az-sofia,Sofia A.,Arizona,,,,,Apr-26,,,49.6,49.6,,Monthly simulated response,,,,,,,,49.6,,,,
2026-09-01,agent_monthly_prediction,us,5,az-sofia,Sofia A.,Arizona,,,,,May-26,,,50.2,50.2,,Monthly simulated response,,,,,,,,50.2,,,,
2026-09-01,agent_monthly_prediction,us,6,az-sofia,Sofia A.,Arizona,,,,,Jun-26,,,51.8,51.8,,Uneven improvement,,,,,,,,51.8,,,,
2026-09-01,agent_profile,us,7,ga-terrence,Terrence B.,Georgia,Homeowner | public school teacher | Southeast,Synthetic respondent profile,Graduate degree,$83k household income,GA,"Atlanta, GA",45,54,54.0,Dual-income household,Broadly stable,Stable public-sector income creates a middle-of-pack confidence forecast.,Employed full time,,6,,,,524.0,267.0,,Synthetic profile | Black male | one child,
2026-09-01,agent_monthly_prediction,us,1,ga-terrence,Terrence B.,Georgia,,,,,Jan-26,,,52.9,52.9,,Monthly simulated response,,,,,,,,52.9,,,,
2026-09-01,agent_monthly_prediction,us,2,ga-terrence,Terrence B.,Georgia,,,,,Feb-26,,,53.5,53.5,,Monthly simulated response,,,,,,,,53.5,,,,
2026-09-01,agent_monthly_prediction,us,3,ga-terrence,Terrence B.,Georgia,,,,,Mar-26,,,53,53.0,,Monthly simulated response,,,,,,,,53,,,,
2026-09-01,agent_monthly_prediction,us,4,ga-terrence,Terrence B.,Georgia,,,,,Apr-26,,,51.7,51.7,,Monthly simulated response,,,,,,,,51.7,,,,
2026-09-01,agent_monthly_prediction,us,5,ga-terrence,Terrence B.,Georgia,,,,,May-26,,,52.6,52.6,,Monthly simulated response,,,,,,,,52.6,,,,
2026-09-01,agent_monthly_prediction,us,6,ga-terrence,Terrence B.,Georgia,,,,,Jun-26,,,54,54.0,,Broadly stable,,,,,,,,54,,,,
2026-09-01,agent_profile,us,8,wa-noah,Noah S.,Washington,Renter | self-employed designer | Pacific Northwest,Synthetic respondent profile,College graduate,$72k household income,WA,"Seattle, WA",31,53.1,53.1,Single-person household,Volatile but improving,"Self-employment volatility lowers certainty, but recent client demand lifts the June path.",Self-employed,,6,,,,76.0,91.0,,Synthetic profile | White male | no children,
2026-09-01,agent_monthly_prediction,us,1,wa-noah,Noah S.,Washington,,,,,Jan-26,,,51.8,51.8,,Monthly simulated response,,,,,,,,51.8,,,,
2026-09-01,agent_monthly_prediction,us,2,wa-noah,Noah S.,Washington,,,,,Feb-26,,,52.7,52.7,,Monthly simulated response,,,,,,,,52.7,,,,
2026-09-01,agent_monthly_prediction,us,3,wa-noah,Noah S.,Washington,,,,,Mar-26,,,52,52.0,,Monthly simulated response,,,,,,,,52,,,,
2026-09-01,agent_monthly_prediction,us,4,wa-noah,Noah S.,Washington,,,,,Apr-26,,,50.4,50.4,,Monthly simulated response,,,,,,,,50.4,,,,
2026-09-01,agent_monthly_prediction,us,5,wa-noah,Noah S.,Washington,,,,,May-26,,,51.5,51.5,,Monthly simulated response,,,,,,,,51.5,,,,
2026-09-01,agent_monthly_prediction,us,6,wa-noah,Noah S.,Washington,,,,,Jun-26,,,53.1,53.1,,Volatile but improving,,,,,,,,53.1,,,,
2026-09-01,agent_profile,us,9,il-maya,Maya S.,Illinois,Renter | nurse | Great Lakes,Synthetic respondent profile,Associate degree,$82k household income,IL,"Chicago, IL",39,54.2,54.2,Two-adult household,Healthcare income steadies,Stable healthcare hours support spending confidence while rent and food costs limit upside.,Employed full time,,6,,,,468.0,176.0,,Synthetic profile | Black female | one child,
2026-09-01,agent_monthly_prediction,us,1,il-maya,Maya S.,Illinois,,,,,Jan-26,,,52.8,52.8,,Monthly simulated response,,,,,,,,52.8,,,,
2026-09-01,agent_monthly_prediction,us,2,il-maya,Maya S.,Illinois,,,,,Feb-26,,,53.4,53.4,,Monthly simulated response,,,,,,,,53.4,,,,
2026-09-01,agent_monthly_prediction,us,3,il-maya,Maya S.,Illinois,,,,,Mar-26,,,52.9,52.9,,Monthly simulated response,,,,,,,,52.9,,,,
2026-09-01,agent_monthly_prediction,us,4,il-maya,Maya S.,Illinois,,,,,Apr-26,,,51.5,51.5,,Monthly simulated response,,,,,,,,51.5,,,,
2026-09-01,agent_monthly_prediction,us,5,il-maya,Maya S.,Illinois,,,,,May-26,,,52.7,52.7,,Monthly simulated response,,,,,,,,52.7,,,,
2026-09-01,agent_monthly_prediction,us,6,il-maya,Maya S.,Illinois,,,,,Jun-26,,,54.2,54.2,,Healthcare income steadies,,,,,,,,54.2,,,,
2026-09-01,agent_profile,us,10,pa-owen,Owen T.,Pennsylvania,Homeowner | warehouse supervisor | Mid-Atlantic,Synthetic respondent profile,Some college,$76k household income,PA,"Allentown, PA",47,52.6,52.6,Married household,Price pressure lingers,Steady hours help but utility and grocery costs keep household sentiment close to neutral.,Employed full time,,6,,,,586.0,176.0,,Synthetic profile | White male | two children,
2026-09-01,agent_monthly_prediction,us,1,pa-owen,Owen T.,Pennsylvania,,,,,Jan-26,,,51.7,51.7,,Monthly simulated response,,,,,,,,51.7,,,,
2026-09-01,agent_monthly_prediction,us,2,pa-owen,Owen T.,Pennsylvania,,,,,Feb-26,,,52.1,52.1,,Monthly simulated response,,,,,,,,52.1,,,,
2026-09-01,agent_monthly_prediction,us,3,pa-owen,Owen T.,Pennsylvania,,,,,Mar-26,,,51.8,51.8,,Monthly simulated response,,,,,,,,51.8,,,,
2026-09-01,agent_monthly_prediction,us,4,pa-owen,Owen T.,Pennsylvania,,,,,Apr-26,,,50.6,50.6,,Monthly simulated response,,,,,,,,50.6,,,,
2026-09-01,agent_monthly_prediction,us,5,pa-owen,Owen T.,Pennsylvania,,,,,May-26,,,51.2,51.2,,Monthly simulated response,,,,,,,,51.2,,,,
2026-09-01,agent_monthly_prediction,us,6,pa-owen,Owen T.,Pennsylvania,,,,,Jun-26,,,52.6,52.6,,Price pressure lingers,,,,,,,,52.6,,,,
2026-09-01,agent_profile,us,11,nc-aisha,Aisha W.,North Carolina,Homeowner | financial services analyst | Southeast,Synthetic respondent profile,College graduate,$94k household income,NC,"Charlotte, NC",36,55.1,55.1,Dual-income household,Income expectations firm,Professional-sector wage growth lifts expectations even as insurance and childcare costs remain salient.,Employed full time,,6,,,,555.0,235.0,,Synthetic profile | Black female | one child,
2026-09-01,agent_monthly_prediction,us,1,nc-aisha,Aisha W.,North Carolina,,,,,Jan-26,,,53.5,53.5,,Monthly simulated response,,,,,,,,53.5,,,,
2026-09-01,agent_monthly_prediction,us,2,nc-aisha,Aisha W.,North Carolina,,,,,Feb-26,,,54.1,54.1,,Monthly simulated response,,,,,,,,54.1,,,,
2026-09-01,agent_monthly_prediction,us,3,nc-aisha,Aisha W.,North Carolina,,,,,Mar-26,,,53.7,53.7,,Monthly simulated response,,,,,,,,53.7,,,,
2026-09-01,agent_monthly_prediction,us,4,nc-aisha,Aisha W.,North Carolina,,,,,Apr-26,,,52.4,52.4,,Monthly simulated response,,,,,,,,52.4,,,,
2026-09-01,agent_monthly_prediction,us,5,nc-aisha,Aisha W.,North Carolina,,,,,May-26,,,53.6,53.6,,Monthly simulated response,,,,,,,,53.6,,,,
2026-09-01,agent_monthly_prediction,us,6,nc-aisha,Aisha W.,North Carolina,,,,,Jun-26,,,55.1,55.1,,Income expectations firm,,,,,,,,55.1,,,,
2026-09-01,agent_profile,us,12,oh-caleb,Caleb D.,Ohio,Homeowner | skilled trades | Midwest,Synthetic respondent profile,Vocational certificate,$71k household income,OH,"Columbus, OH",44,53.0,53.0,Single-earner household,Durables still cautious,Construction backlogs support income confidence but appliance and vehicle purchases remain delayed.,Employed full time,,6,,,,525.0,182.0,,Synthetic profile | White male | one child,
2026-09-01,agent_monthly_prediction,us,1,oh-caleb,Caleb D.,Ohio,,,,,Jan-26,,,51.9,51.9,,Monthly simulated response,,,,,,,,51.9,,,,
2026-09-01,agent_monthly_prediction,us,2,oh-caleb,Caleb D.,Ohio,,,,,Feb-26,,,52.4,52.4,,Monthly simulated response,,,,,,,,52.4,,,,
2026-09-01,agent_monthly_prediction,us,3,oh-caleb,Caleb D.,Ohio,,,,,Mar-26,,,52.0,52.0,,Monthly simulated response,,,,,,,,52.0,,,,
2026-09-01,agent_monthly_prediction,us,4,oh-caleb,Caleb D.,Ohio,,,,,Apr-26,,,50.8,50.8,,Monthly simulated response,,,,,,,,50.8,,,,
2026-09-01,agent_monthly_prediction,us,5,oh-caleb,Caleb D.,Ohio,,,,,May-26,,,51.9,51.9,,Monthly simulated response,,,,,,,,51.9,,,,
2026-09-01,agent_monthly_prediction,us,6,oh-caleb,Caleb D.,Ohio,,,,,Jun-26,,,53.0,53.0,,Durables still cautious,,,,,,,,53.0,,,,
2026-09-01,agent_profile,us,13,co-elena,Elena V.,Colorado,Renter | software product manager | Mountain West,Synthetic respondent profile,Graduate degree,$118k household income,CO,"Denver, CO",33,56.0,56.0,Two-adult household,High-income resilience,Higher income and stable employment keep confidence elevated despite housing affordability pressure.,Employed full time,,6,,,,303.0,208.0,,Synthetic profile | Latina female | no children,
2026-09-01,agent_monthly_prediction,us,1,co-elena,Elena V.,Colorado,,,,,Jan-26,,,54.4,54.4,,Monthly simulated response,,,,,,,,54.4,,,,
2026-09-01,agent_monthly_prediction,us,2,co-elena,Elena V.,Colorado,,,,,Feb-26,,,55.2,55.2,,Monthly simulated response,,,,,,,,55.2,,,,
2026-09-01,agent_monthly_prediction,us,3,co-elena,Elena V.,Colorado,,,,,Mar-26,,,54.6,54.6,,Monthly simulated response,,,,,,,,54.6,,,,
2026-09-01,agent_monthly_prediction,us,4,co-elena,Elena V.,Colorado,,,,,Apr-26,,,53.5,53.5,,Monthly simulated response,,,,,,,,53.5,,,,
2026-09-01,agent_monthly_prediction,us,5,co-elena,Elena V.,Colorado,,,,,May-26,,,54.8,54.8,,Monthly simulated response,,,,,,,,54.8,,,,
2026-09-01,agent_monthly_prediction,us,6,co-elena,Elena V.,Colorado,,,,,Jun-26,,,56.0,56.0,,High-income resilience,,,,,,,,56.0,,,,
2026-09-01,agent_profile,us,14,ma-hannah,Hannah L.,Massachusetts,Renter | biotech researcher | New England,Synthetic respondent profile,Doctorate,$104k household income,MA,"Cambridge, MA",35,54.8,54.8,Single-person household,Stable but housing constrained,Strong job prospects support expectations while rent pressure keeps the current-conditions score measured.,Employed full time,,6,,,,633.0,128.0,,Synthetic profile | Asian female | no children,
2026-09-01,agent_monthly_prediction,us,1,ma-hannah,Hannah L.,Massachusetts,,,,,Jan-26,,,53.6,53.6,,Monthly simulated response,,,,,,,,53.6,,,,
2026-09-01,agent_monthly_prediction,us,2,ma-hannah,Hannah L.,Massachusetts,,,,,Feb-26,,,54.0,54.0,,Monthly simulated response,,,,,,,,54.0,,,,
2026-09-01,agent_monthly_prediction,us,3,ma-hannah,Hannah L.,Massachusetts,,,,,Mar-26,,,53.5,53.5,,Monthly simulated response,,,,,,,,53.5,,,,
2026-09-01,agent_monthly_prediction,us,4,ma-hannah,Hannah L.,Massachusetts,,,,,Apr-26,,,52.2,52.2,,Monthly simulated response,,,,,,,,52.2,,,,
2026-09-01,agent_monthly_prediction,us,5,ma-hannah,Hannah L.,Massachusetts,,,,,May-26,,,53.4,53.4,,Monthly simulated response,,,,,,,,53.4,,,,
2026-09-01,agent_monthly_prediction,us,6,ma-hannah,Hannah L.,Massachusetts,,,,,Jun-26,,,54.8,54.8,,Stable but housing constrained,,,,,,,,54.8,,,,
2026-09-01,agent_profile,us,15,nv-rosa,Rosa G.,Nevada,Renter | casino operations | Mountain West,Synthetic respondent profile,High school graduate,$61k household income,NV,"Las Vegas, NV",41,51.5,51.5,Extended family household,Services recovery uneven,Tourism demand helps hours worked but variable schedules and rent increases keep confidence cautious.,Employed full time,,6,,,,143.0,206.0,,Synthetic profile | Latina female | two children,
2026-09-01,agent_monthly_prediction,us,1,nv-rosa,Rosa G.,Nevada,,,,,Jan-26,,,50.4,50.4,,Monthly simulated response,,,,,,,,50.4,,,,
2026-09-01,agent_monthly_prediction,us,2,nv-rosa,Rosa G.,Nevada,,,,,Feb-26,,,51.1,51.1,,Monthly simulated response,,,,,,,,51.1,,,,
2026-09-01,agent_monthly_prediction,us,3,nv-rosa,Rosa G.,Nevada,,,,,Mar-26,,,50.7,50.7,,Monthly simulated response,,,,,,,,50.7,,,,
2026-09-01,agent_monthly_prediction,us,4,nv-rosa,Rosa G.,Nevada,,,,,Apr-26,,,49.5,49.5,,Monthly simulated response,,,,,,,,49.5,,,,
2026-09-01,agent_monthly_prediction,us,5,nv-rosa,Rosa G.,Nevada,,,,,May-26,,,50.2,50.2,,Monthly simulated response,,,,,,,,50.2,,,,
2026-09-01,agent_monthly_prediction,us,6,nv-rosa,Rosa G.,Nevada,,,,,Jun-26,,,51.5,51.5,,Services recovery uneven,,,,,,,,51.5,,,,
2026-09-01,agent_profile,us,16,or-isaac,Isaac P.,Oregon,Renter | renewable energy technician | Pacific Northwest,Synthetic respondent profile,Some college,$69k household income,OR,"Portland, OR",28,52.4,52.4,Shared rental household,Cautious optimism,Project demand improves expectations but student debt and rents hold back current spending confidence.,Employed full time,,6,,,,92.0,129.0,,Synthetic profile | White male | no children,
2026-09-01,agent_monthly_prediction,us,1,or-isaac,Isaac P.,Oregon,,,,,Jan-26,,,51.0,51.0,,Monthly simulated response,,,,,,,,51.0,,,,
2026-09-01,agent_monthly_prediction,us,2,or-isaac,Isaac P.,Oregon,,,,,Feb-26,,,51.6,51.6,,Monthly simulated response,,,,,,,,51.6,,,,
2026-09-01,agent_monthly_prediction,us,3,or-isaac,Isaac P.,Oregon,,,,,Mar-26,,,51.1,51.1,,Monthly simulated response,,,,,,,,51.1,,,,
2026-09-01,agent_monthly_prediction,us,4,or-isaac,Isaac P.,Oregon,,,,,Apr-26,,,49.9,49.9,,Monthly simulated response,,,,,,,,49.9,,,,
2026-09-01,agent_monthly_prediction,us,5,or-isaac,Isaac P.,Oregon,,,,,May-26,,,51.0,51.0,,Monthly simulated response,,,,,,,,51.0,,,,
2026-09-01,agent_monthly_prediction,us,6,or-isaac,Isaac P.,Oregon,,,,,Jun-26,,,52.4,52.4,,Cautious optimism,,,,,,,,52.4,,,,
2026-09-01,agent_profile,us,17,tn-jerome,Jerome C.,Tennessee,Homeowner | small business owner | Upper South,Synthetic respondent profile,College graduate,$86k household income,TN,"Nashville, TN",49,53.7,53.7,Married household,Small business steadies,Local demand and lower fuel pressure improve expectations while financing costs still weigh on expansion plans.,Self-employed,,6,,,,485.0,237.0,,Synthetic profile | Black male | no children,
2026-09-01,agent_monthly_prediction,us,1,tn-jerome,Jerome C.,Tennessee,,,,,Jan-26,,,52.5,52.5,,Monthly simulated response,,,,,,,,52.5,,,,
2026-09-01,agent_monthly_prediction,us,2,tn-jerome,Jerome C.,Tennessee,,,,,Feb-26,,,53.1,53.1,,Monthly simulated response,,,,,,,,53.1,,,,
2026-09-01,agent_monthly_prediction,us,3,tn-jerome,Jerome C.,Tennessee,,,,,Mar-26,,,52.6,52.6,,Monthly simulated response,,,,,,,,52.6,,,,
2026-09-01,agent_monthly_prediction,us,4,tn-jerome,Jerome C.,Tennessee,,,,,Apr-26,,,51.2,51.2,,Monthly simulated response,,,,,,,,51.2,,,,
2026-09-01,agent_monthly_prediction,us,5,tn-jerome,Jerome C.,Tennessee,,,,,May-26,,,52.4,52.4,,Monthly simulated response,,,,,,,,52.4,,,,
2026-09-01,agent_monthly_prediction,us,6,tn-jerome,Jerome C.,Tennessee,,,,,Jun-26,,,53.7,53.7,,Small business steadies,,,,,,,,53.7,,,,
2026-09-01,agent_profile,us,18,mn-claire,Claire N.,Minnesota,Homeowner | healthcare administrator | Upper Midwest,Synthetic respondent profile,Graduate degree,$97k household income,MN,"Minneapolis, MN",52,54.4,54.4,Two-adult household,Balance sheet stable,Savings buffers and stable healthcare employment support confidence despite winter utility and insurance costs.,Employed full time,,6,,,,433.0,118.0,,Synthetic profile | White female | one dependent,
2026-09-01,agent_monthly_prediction,us,1,mn-claire,Claire N.,Minnesota,,,,,Jan-26,,,53.2,53.2,,Monthly simulated response,,,,,,,,53.2,,,,
2026-09-01,agent_monthly_prediction,us,2,mn-claire,Claire N.,Minnesota,,,,,Feb-26,,,53.9,53.9,,Monthly simulated response,,,,,,,,53.9,,,,
2026-09-01,agent_monthly_prediction,us,3,mn-claire,Claire N.,Minnesota,,,,,Mar-26,,,53.3,53.3,,Monthly simulated response,,,,,,,,53.3,,,,
2026-09-01,agent_monthly_prediction,us,4,mn-claire,Claire N.,Minnesota,,,,,Apr-26,,,52.0,52.0,,Monthly simulated response,,,,,,,,52.0,,,,
2026-09-01,agent_monthly_prediction,us,5,mn-claire,Claire N.,Minnesota,,,,,May-26,,,53.1,53.1,,Monthly simulated response,,,,,,,,53.1,,,,
2026-09-01,agent_monthly_prediction,us,6,mn-claire,Claire N.,Minnesota,,,,,Jun-26,,,54.4,54.4,,Balance sheet stable,,,,,,,,54.4,,,,
