region,cadence,sort_order,headline,source,event_period,tag,summary,url
us,weekly,1,"What to Expect in Markets This Week: Latest US Inflation, Jobs Data; Micron, CarMax Report",Investopedia,Sep W4,Inflation,Fetched 2026-09-27 for US; headline signal is negative (-0.50) with relevance 0.96.,https://news.google.com/rss/articles/CBMiwgFBVV95cUxOUFFrR2lJSXVYME5xcS15M2wzWl9UZUxHSzFSRGc5OXFXSUc0cENNOTUyc0x4NzJhMzJOSzBaMkhFYjh2X2lkNzdtZmNfSHh5Y203SmNhdEt5bnNFUGVNRy1KM0tPbTZFWEdXZElxOVJSbTBMN1FiVG54V2h6eGhWQjAwWlVMRkphRmNxWGRDYmZsYjVtUFp2dG1pM0RZSDBWNFhIX1FKZnZNY1ZIck1NUHhQbjAyb0YyX19OZzgzY1ZaUQ?oc=5
us,weekly,2,US consumer sentiment eases to four-month low in September,Reuters,Sep W4,Confidence,Fetched 2026-09-25 for US; headline signal is positive (+0.50) with relevance 0.96.,https://news.google.com/rss/articles/CBMingFBVV95cUxQTXVLM2tfVGVKZzJNZER0cldoYnJhcE00a04zOUhFTE5IZXhNWDM2Mzk2VTVLVUNsZlYzTEYySVptTHdjd3IxUWRBZjFObUM0QU9MSzQ3WHVwb0lhbENXcHltbW40V0o0UkxObWNoWlk3Yms5M3dfbFU5d2JwM1lSOXU1QkowNTJEc1AxdnZxZ0d5S1JJWWJnYU9RR19ZQQ?oc=5
us,weekly,3,"U.S. Consumer Sentiment Unexpectedly Deteriorates, Inflation Expectations Rise as Dollar Trades Near Lows",finance.biggo.com,Sep W2,Inflation,Fetched 2026-09-11 for US; headline signal is neutral (+0.00) with relevance 1.08.,https://news.google.com/rss/articles/CBMidkFVX3lxTE9ENC1OUmlkNXIyV0wzNE5RSEpGOWVCTHdWbkE2N1FvdXdsUi1PWlltaWxBcTMzSXozWHZOZW1iejVfMTl5RHQzaHl3QzljWDRBMWNxRjdKOGxsVUFjWmU4cVJvbVpLNzhZVHZKSS1vNVhjLV9uSlE?oc=5
us,monthly,1,"U.S. consumer sentiment drops, year-ahead inflation views fall",Canadian Mortgage Trends,Aug-26,Inflation,Fetched 2026-08-28 for US; headline signal is negative (-0.67) with relevance 1.08.,https://news.google.com/rss/articles/CBMirAFBVV95cUxOQ0ZQRkhWRGFudVZlT3FYcHFFSWFJaHVTdlZBSmxyTFplTUNnb3NQQUdiMW9lS2JiUXNJX3plX1Znd2hOcHNMa3dOMFFhY1VtX0JyT0dENHlaWFRjWldaNTNFQmItMDRJUVg1YzcybTRfOHE2SkhhZm8tN0dFdjN0Sl9scWl3YXlHU1dmS0QzXzZtdWVmaEw4QmNWTUZweTdGQ1F6WWpwNkRTYWRn?oc=5
us,monthly,2,"US consumer sentiment falls 6 per cent in August as inflation, economic outlook weigh on households: University of Michigan",ANI News,Aug-26,Inflation,Fetched 2026-08-29 for US; headline signal is negative (-0.50) with relevance 1.20.,https://news.google.com/rss/articles/CBMiggJBVV95cUxQV1VzMm90eW00SEVDcWg1dTk5cW84ZEhUU0czVm1HN3EtZUJlVVhkZzQ3ZXRyb0FEejE3UU8yVElKeTdmSUtWQ1BTaDdjeXA1UzA5TGZqN1c0aVBUN0Rhd0hwclVCdldQNU55RmYwMXc4bk1EM1BUWGJEZ0JLRks1TEl5bkE3NTRWd1dhX0NWbVFRejkwODFzQUtETHVScHQzZHBzSUpOSzYtb1pTYkRva0lIaFpxRDRaXy11RFY4SmI5Z1lJeG9Xb3BPVzJFVXUwck5TQTg3WkhfWG1VbloxQ203ckM4eldsNThqdGplbXJsUG9ERUlneGU0cGI1RUVfemc?oc=5
us,monthly,3,"What to Expect in Markets This Week: Latest US Inflation, Jobs Data; Micron, CarMax Report",Investopedia,Sep-26,Inflation,Fetched 2026-09-27 for US; headline signal is negative (-0.50) with relevance 0.96.,https://news.google.com/rss/articles/CBMiwgFBVV95cUxOUFFrR2lJSXVYME5xcS15M2wzWl9UZUxHSzFSRGc5OXFXSUc0cENNOTUyc0x4NzJhMzJOSzBaMkhFYjh2X2lkNzdtZmNfSHh5Y203SmNhdEt5bnNFUGVNRy1KM0tPbTZFWEdXZElxOVJSbTBMN1FiVG54V2h6eGhWQjAwWlVMRkphRmNxWGRDYmZsYjVtUFp2dG1pM0RZSDBWNFhIX1FKZnZNY1ZIck1NUHhQbjAyb0YyX19OZzgzY1ZaUQ?oc=5
eu,weekly,1,France Consumer Confidence September 2026: INSEE Index Holds at 86,Admirals,Sep W4,Confidence,Fetched 2026-09-24 for EU27; headline signal is neutral (+0.00) with relevance 0.84.,https://news.google.com/rss/articles/CBMilgFBVV95cUxOZVpCLVdsT1pTUDJuUXFGRjJjVDY4ZEJTVHp4eUg5MTlHWGhxTVFYejdja25mUVdLNHkwRG84NG11elF0Q1hrVU1jOVJZbTJFQy1GSjM4THRFeXdkYlYta05CeVRYM3FycTdEYzJILXUydVduMkU0YTVfWU9Pd3gwcFEwZ2JIcWRSaTJNbVZHQnBBSHlvelE?oc=5
eu,weekly,2,Ireland tops euro-area savings league as households put €38.4bn aside last year,Irish Independent,Sep W3,News,Fetched 2026-09-16 for EU27; headline signal is neutral (+0.00) with relevance 0.96.,https://news.google.com/rss/articles/CBMi3wFBVV95cUxOUGhRT1J0YTNfOTBNR0p4c3QtOVhlQmM2SWV0QmV0aUxidDJpRENnTVdDdHAwbFUzVU9aN25JekJTQlBFdEZGbDNRYzN1bUNDUDE1NnI2WmlyMVJhZnhDVFNtUENfMEhVTlhmM25SSFBRcnFEbHhLZ0hCODR5anVRTmxYaGJMTFZoOTNCRU9pUnFGQXN6MXFhYkhLbHpZTUVyOGlMYVpyLWFMQWdzQW5rc1BXUS1oQUl5M2pVeFNHS2pkLXE5ek90Qzl6d1p6dzZyb1ZiWnRtTnBQOHI3TTFr?oc=5
eu,weekly,3,Europe Economy 2026: Rising Energy Prices Put ECB Rate Cuts and Growth Outlook at Risk,kalkine.ca,Aug W5,Inflation,Fetched 2026-08-31 for EU27; headline signal is neutral (+0.00) with relevance 0.96.,https://news.google.com/rss/articles/CBMiuAFBVV95cUxOcldiMVlfZ3RYWHloT01ib2FDcTEyUE5rYTZtYXpQRnNqLXFVNERUQ01Ra3R2UUM4ZlMtbHFRQ3BHVlFENW1oY0VUVGRwSURpeUdreWJVSHNheGdUWXlucW11Q1NSbXVZdGVfQnVTalJycFh4SjJ1VWFQbTg5NUNNY2tUbVoxczEwMnNqRXNEYWt5RkphNVpCVmtwY0hrMUwzelN5Q3ZRM1VDTnZqb1ltUkgyZmlLeTU0?oc=5
eu,monthly,1,Falling eurozone retail sales underscore the softness of household consumption,ING Think,Aug-26,Risk,Fetched 2026-08-06 for EU27; headline signal is negative (-0.50) with relevance 1.08.,https://news.google.com/rss/articles/CBMiqwFBVV95cUxQZmg4Tm5hRlM5WE9XTWtqSVlkWEdNMlB3ZjEtZllEM3l6cVpfcktWdTh3bFdNaHM5Wm45T2lNRE5fWkZmaEtRQmdEMlpGYmxYYVQwUjBZUDJfcnBnMXpFWHJIVVBTdEpuQldtWDdxQzdwOXYxcEt0T0JxMDNBQzUta1k1aFUxc0NnZGlmZ3Z3cUp5cWh1eExhM0QxM0t6b1djSnExeUNzbW54OWM?oc=5
eu,monthly,2,Cyprus inflation remains high as euro area expectations ease - cyprus-mail.com,cyprus-mail.com,Aug-26,Inflation,Fetched 2026-08-30 for EU27; headline signal is negative (-0.50) with relevance 0.96.,https://news.google.com/rss/articles/CBMimwFBVV95cUxNWVpzS1lRRWVXU01tT1BEWVBwRGhDWUl4bHRlTHRQNURCSlNlcFZQTThWbVZqUEhBVFRVVHdDWUNDdmlVWDJfN1BhdkE0WTczeUk0RWlVSmRKaFh1ejNhU1RkNnNGZ3lNMFZPQ0JfNGVDSjVaMDluZjhkcmNKbGlyajNndE5Ya2F3eVR1eU41ZXE3VmlLZ1NmekxyWQ?oc=5
eu,monthly,3,"Euro Area Consumer Confidence Continues to Improve in August, While Expectations of Higher Inflation Rose",The Conference Board,Aug-26,Inflation,Fetched 2026-08-28 for EU27; headline signal is neutral (+0.00) with relevance 1.20.,https://news.google.com/rss/articles/CBMixgFBVV95cUxPY1Z2cDMwQ2RTVjJPMXZVT3VDanJkdzdraVhreFAxc245Zk01WnVqSTUyWE1nQ1dkdkVVSGdIajhKbEtiXzNKdklsWWdMNVVzRDQwTy1lWFpPVzRVV0JVTkRjMWhmb1lObjczQm5aMFo0d1FWN01DbzVmNU1STmgyQjlDY3lhLTd5T1lnTG1RdS1BVU91VEw1SEZlWVh6UWdES2dueHlpcjg5Yk5ITk9GTVRoYmt1cWtZMTlFYW4ybUhHT0dPNFE?oc=5
jp,weekly,1,Japan Retail: Higher rates meet an uneven fashion recovery,World Footwear,Sep W3,Support,Fetched 2026-09-15 for Japan; headline signal is positive (+0.50) with relevance 0.72.,https://news.google.com/rss/articles/CBMipgFBVV95cUxNQWpUU0pCZjFTYjl6SDRid2FPaWRXRDVXXzlsWUVNdDJHbnZwM0paMXBBY0pObzA4QVlUSnozbjhOaHFqd0cwNEdtUzBLdm9rdTZkMURQdl9kVzZUU3p3SUI4c1NjdndpRmJZSXpKZWVSVnlnSGhnRzlGckJrQ05RT3RVNm1FN0IybnFDZmZhTjFMdHctZHg2aVdfSnVLc3RGTWR1U1h3?oc=5
jp,weekly,2,Japan July household spending falls at fastest pace in 2-1/2 years,Reuters,Sep W1,News,Fetched 2026-09-03 for Japan; headline signal is neutral (+0.00) with relevance 0.84.,https://news.google.com/rss/articles/CBMitwFBVV95cUxOdm0xQlA0amlNNnVDVFpqbWdZZ2dHbkR3UVZqWWJnM0pab1IxZG9TbzlqZlRLcmRJYjh0TmRsMmRQQkhjdk00TTFXRzZYUGhqc0FiQnJHMXVkR2cyMzEwWkFUdDNra05aUVEtTVB2ejdZUXNsR01iajBWRFRUVnpjdy02djV0VVJtelNpUkdIR2ZPcENDVHphdUlYMmczMmsyVW1zWThZUTFoMkMzaHlreUZPRjVzQ1E?oc=5
jp,weekly,3,"Japan Consumer Confidence Ticks Up to 35.5 in August, Beating Expectations",CryptoRank,Sep W1,Confidence,Fetched 2026-09-01 for Japan; headline signal is positive (+0.50) with relevance 0.96.,https://news.google.com/rss/articles/CBMigAFBVV95cUxPd2F3X1JNNDBmZk83cmhZUU9fX1ZIRmpZM1FFM0pBQzhwZEpFZHRaMWZWeGRvV0luU0hBZm5TbDFFN0NqVWtwel9TQWNpaThiREt3OS1jQUt1eFdxU1BEYVEyblJybjV5S3lwR1lRZnlWMmd1MVlWSlFFeGROWG5kSg?oc=5
jp,monthly,1,Japan’s households continue to cut spending despite wage gains,Jing Daily,Aug-26,Labor,Fetched 2026-08-07 for Japan; headline signal is positive (+0.67) with relevance 0.96.,https://news.google.com/rss/articles/CBMilAFBVV95cUxPNThRUzJpaXdwZG9BYVlYLVI4bFh5MEtvRFV4aEQya3hGSkhrd19XeS03TVdfRnp2SUZ3NzVoZkwtV1dILVFiZGd3Z3o4VHl3RGNhNmktVTBKdE5EcFlXMkJ6UmIxbFMtNkdTUFlZQmVmTW9RU3RxRS10dE5iWkdBQmJkcEl5LXNfRkM2WjQ1dk43SS1W?oc=5
jp,monthly,2,"Japan Consumer Confidence Ticks Up to 35.5 in August, Beating Expectations",CryptoRank,Sep-26,Confidence,Fetched 2026-09-01 for Japan; headline signal is positive (+0.50) with relevance 0.96.,https://news.google.com/rss/articles/CBMigAFBVV95cUxPd2F3X1JNNDBmZk83cmhZUU9fX1ZIRmpZM1FFM0pBQzhwZEpFZHRaMWZWeGRvV0luU0hBZm5TbDFFN0NqVWtwel9TQWNpaThiREt3OS1jQUt1eFdxU1BEYVEyblJybjV5S3lwR1lRZnlWMmd1MVlWSlFFeGROWG5kSg?oc=5
jp,monthly,3,Japan’s households continue to cut spending amid persistent inflation,The Japan Times,Aug-26,Inflation,Fetched 2026-08-07 for Japan; headline signal is negative (-0.50) with relevance 0.96.,https://news.google.com/rss/articles/CBMilgFBVV95cUxNbXAtNEl6TnpCSlZaWjNDX0sxS0YwZTVJdjZFeUJDTlJWaERickZxQ3puMHByNndpdEc2amR4N2VPWE40dXluVDM0a3dHUHkyb3NEVEFnZ0R0VDJXMVV2YVRLaEpJT2ZYaDA5MG56YUlVZWpXUUx5bnpsVWZ3Q0F5dDQtTE1wWUxuaVFvdThwU1pGaGtkQlE?oc=5
